<!--
  ~ Copyright (c) 2015, WSO2 Inc. (http://www.wso2.org) All Rights Reserved.
  ~
  ~ Licensed under the Apache License, Version 2.0 (the "License");
  ~ you may not use this file except in compliance with the License.
  ~ You may obtain a copy of the License at
  ~
  ~     http://www.apache.org/licenses/LICENSE-2.0
  ~
  ~ Unless required by applicable law or agreed to in writing, software
  ~ distributed under the License is distributed on an "AS IS" BASIS,
  ~ WITHOUT WARRANTIES OR CONDITIONS OF ANY KIND, either express or implied.
  ~ See the License for the specific language governing permissions and
  ~ limitations under the License.
  -->
<executionPlan name="KPIAnalyzer" xmlns="http://wso2.org/carbon/eventprocessor">
    <description>
        Notifies when a user purchases more then 3 phones for the total price higher than $2500.
    </description>
    <siddhiConfiguration>
        <property name="siddhi.persistence.snapshot.time.interval.minutes">0</property>
        <property name="siddhi.enable.distributed.processing">false</property>
    </siddhiConfiguration>


    <importedStreams>
        <stream name="stockStream" version="1.2.0" as="someName"/>
        <!--todo add other parameters-->
        <stream name="phoneRetailStream" version="1.2.0"/>
    </importedStreams>


    <queryExpressions>
        from someName[totalPrice>200 and quantity>1]#window.tableExt:persistence("tableWindow",
        "cepdb3.ceptable10", "add", buyer)
        insert expired-events into highPurchaseStream
        buyer,brand, quantity, totalPrice;
    </queryExpressions>


    <exportedStreams>
        <stream valueOf="highPurchaseStream" name="newname" version="1.2.0"/>
    </exportedStreams>

</executionPlan>
