<?xml version="1.0" encoding="ISO-8859-1"?>
<!--
  ~ Copyright (c) 2015, WSO2 Inc. (http://www.wso2.org) All Rights Reserved.
  ~
  ~ Licensed under the Apache License, Version 2.0 (the "License");
  ~ you may not use this file except in compliance with the License.
  ~ You may obtain a copy of the License at
  ~
  ~     http://www.apache.org/licenses/LICENSE-2.0
  ~
  ~ Unless required by applicable law or agreed to in writing, software
  ~ distributed under the License is distributed on an "AS IS" BASIS,
  ~ WITHOUT WARRANTIES OR CONDITIONS OF ANY KIND, either express or implied.
  ~ See the License for the specific language governing permissions and
  ~ limitations under the License.
  -->
<component xmlns="http://products.wso2.org/carbon">
    <menus>

        <menu>
            <id>event_simulator_menu</id>
            <i18n-key>event.simulator</i18n-key>
            <i18n-bundle>org.wso2.carbon.event.simulator.ui.i18n.Resources</i18n-bundle>
            <parent-menu>tools_menu</parent-menu>
            <link>../eventsimulator/index.jsp</link>
            <region>region5</region>
            <order>40</order>
            <style-class>home</style-class>
            <icon>../eventsimulator/images/event-simulator.png</icon>
            <require-permission>/permission/admin/manage/event-simulator</require-permission>
        </menu>

    </menus>

    <FileUploadConfig>
        <Mapping>
            <Actions>
                <Action>csv</Action>
            </Actions>
            <Class>org.wso2.carbon.event.simulator.ui.fileupload.CSVUploadExecutor</Class>
        </Mapping>
    </FileUploadConfig>
</component>