<!--
  ~ Copyright (c) 2015, WSO2 Inc. (http://www.wso2.org) All Rights Reserved.
  ~
  ~ Licensed under the Apache License, Version 2.0 (the "License");
  ~ you may not use this file except in compliance with the License.
  ~ You may obtain a copy of the License at
  ~
  ~     http://www.apache.org/licenses/LICENSE-2.0
  ~
  ~ Unless required by applicable law or agreed to in writing, software
  ~ distributed under the License is distributed on an "AS IS" BASIS,
  ~ WITHOUT WARRANTIES OR CONDITIONS OF ANY KIND, either express or implied.
  ~ See the License for the specific language governing permissions and
  ~ limitations under the License.
  -->

<component xmlns="http://products.wso2.org/carbon" xmlns:xsi="http://www.w3.org/2001/XMLSchema-instance"
           xsi:schemaLocation="http://products.wso2.org/carbon ">
    <menus>
        <menu>
            <id>executionmgt_menu</id>
            <i18n-key>execution.menu</i18n-key>
            <i18n-bundle>org.wso2.carbon.event.execution.manager.ui.i18n.Resources</i18n-bundle>
            <parent-menu>dashboard_main_menu</parent-menu>
            <link>../execution-manager/execution_manager.jsp</link>
            <region>region1</region>
            <order>10</order>
            <style-class>manage</style-class>
            <icon>../execution-manager/images/icon.png</icon>
            <require-permission>/permission/admin/manage/execution-manager</require-permission>
        </menu>
    </menus>
</component>